Price,Close,High,Low,Open,Volume
Ticker,NIFTY_MIDCAP_100.NS,NIFTY_MIDCAP_100.NS,NIFTY_MIDCAP_100.NS,NIFTY_MIDCAP_100.NS,NIFTY_MIDCAP_100.NS
Date,,,,,
2022-05-24,27595.30078125,27896.400390625,27514.30078125,27849.099609375,0
2022-05-25,26918.69921875,27726.400390625,26862.150390625,27668.75,0
2022-05-26,27281.150390625,27392.69921875,26472.599609375,27019.150390625,0
2022-05-27,27657.25,27681.650390625,27429.94921875,27573.150390625,0
2022-05-30,28326.349609375,28348.30078125,27916.19921875,27927.599609375,0
2022-05-31,28288.349609375,28536.30078125,28232.55078125,28315.69921875,0
2022-06-01,28299.900390625,28535.19921875,28144.44921875,28345.849609375,0
2022-06-02,28491.150390625,28527.0,28195.75,28321.55078125,0
2022-06-03,28023.349609375,28729.150390625,27994.099609375,28700.849609375,0
2022-06-06,27992.650390625,28048.55078125,27634.80078125,27994.849609375,0
2022-06-07,27803.94921875,27937.25,27639.849609375,27889.94921875,0
2022-06-08,27670.80078125,27960.30078125,27570.30078125,27830.55078125,0
2022-06-09,27805.900390625,27846.94921875,27475.849609375,27546.94921875,0
2022-06-10,27575.80078125,27677.400390625,27485.19921875,27541.099609375,0
2022-06-13,26777.80078125,27130.80078125,26701.75,27115.05078125,0
2022-06-14,26715.650390625,27034.30078125,26604.69921875,26619.5,0
2022-06-15,26809.0,26950.75,26726.44921875,26861.650390625,0
2022-06-16,26180.349609375,27145.150390625,26065.69921875,27097.44921875,0
2022-06-17,25877.69921875,26221.650390625,25702.599609375,25989.849609375,0
2022-06-20,25292.900390625,25957.94921875,25048.150390625,25900.30078125,0
2022-06-21,26194.400390625,26231.150390625,25461.900390625,25477.75,0
2022-06-22,25767.849609375,26115.5,25706.5,26115.5,0
2022-06-23,26079.94921875,26157.0,25734.94921875,25835.69921875,0
2022-06-24,26449.05078125,26477.849609375,26257.849609375,26275.30078125,0
2022-06-27,26713.25,26861.55078125,26678.900390625,26774.400390625,0
2022-06-28,26791.0,26821.099609375,26464.25,26621.150390625,0
2022-06-29,26672.150390625,26716.44921875,26470.30078125,26515.0,0
2022-06-30,26452.75,26814.44921875,26406.69921875,26713.900390625,0
2022-07-01,26587.30078125,26639.80078125,26179.19921875,26356.599609375,0
2022-07-04,26769.55078125,26791.099609375,26502.5,26609.55078125,0
2022-07-05,26698.099609375,27011.349609375,26650.400390625,26871.099609375,0
2022-07-06,27204.349609375,27237.19921875,26640.349609375,26747.5,0
2022-07-07,27572.44921875,27594.650390625,27360.650390625,27389.650390625,0
2022-07-08,27649.05078125,27749.5,27459.44921875,27740.75,0
2022-07-11,27908.05078125,27949.80078125,27496.05078125,27557.099609375,0
2022-07-12,27782.05078125,28010.80078125,27730.650390625,27811.099609375,0
2022-07-13,27827.849609375,28032.099609375,27751.19921875,27925.900390625,0
2022-07-14,27803.5,27945.900390625,27553.55078125,27895.900390625,0
2022-07-15,28017.25,28051.150390625,27796.44921875,27903.55078125,0
2022-07-18,28409.75,28437.150390625,28201.900390625,28236.349609375,0
2022-07-19,28600.94921875,28635.94921875,28297.25,28336.150390625,0
2022-07-20,28654.400390625,28871.5,28596.30078125,28870.650390625,0
2022-07-21,29049.150390625,29087.75,28630.69921875,28682.0,0
2022-07-22,29047.849609375,29236.599609375,28953.19921875,29181.599609375,0
2022-07-25,29020.75,29091.599609375,28870.80078125,29048.349609375,0
2022-07-26,28658.75,29055.099609375,28626.94921875,29050.30078125,0
2022-07-27,28976.30078125,29003.900390625,28556.849609375,28633.650390625,0
2022-07-28,29219.75,29245.75,28979.900390625,29153.55078125,0
2022-07-29,29634.25,29676.099609375,29399.099609375,29426.75,0
2022-08-01,30128.0,30155.849609375,29641.0,29791.69921875,0
2022-08-02,30228.150390625,30288.25,29942.400390625,30110.55078125,0
2022-08-03,30017.650390625,30243.94921875,29758.900390625,30207.0,0
2022-08-04,30190.849609375,30287.80078125,29658.94921875,30158.75,0
2022-08-05,30258.349609375,30354.349609375,30167.5,30273.94921875,0
2022-08-08,30366.05078125,30481.150390625,30155.75,30282.900390625,0
2022-08-10,30318.900390625,30494.400390625,30190.30078125,30459.0,0
2022-08-11,30583.849609375,30641.30078125,30519.30078125,30547.75,0
2022-08-12,30806.349609375,30850.099609375,30560.75,30633.30078125,0
2022-08-16,31254.55078125,31272.099609375,30925.849609375,30963.900390625,0
2022-08-17,31401.400390625,31491.44921875,31339.900390625,31371.30078125,0
2022-08-18,31460.19921875,31550.25,31315.599609375,31394.94921875,0
2022-08-19,31005.0,31593.0,30911.80078125,31550.44921875,0
2022-08-22,30379.5,30906.650390625,30316.80078125,30906.650390625,0
2022-08-23,30734.650390625,30798.849609375,30098.5,30106.55078125,0
2022-08-24,30960.900390625,30986.349609375,30663.349609375,30704.69921875,0
2022-08-25,30942.900390625,31215.0,30895.900390625,31122.849609375,0
2022-08-26,31112.94921875,31293.400390625,31046.400390625,31126.75,0
2022-08-29,30853.849609375,30893.5,30246.900390625,30250.05078125,0
2022-08-30,31481.69921875,31519.400390625,31076.94921875,31084.05078125,0
2022-09-01,31516.30078125,31588.69921875,31222.400390625,31270.80078125,0
2022-09-02,31402.30078125,31747.5,31353.19921875,31671.75,0
2022-09-05,31522.30078125,31588.650390625,31455.849609375,31477.94921875,0
2022-09-06,31706.05078125,31734.599609375,31524.55078125,31664.650390625,0
2022-09-07,31865.55078125,31893.75,31564.55078125,31617.75,0
2022-09-08,31923.05078125,32158.44921875,31855.5,32092.0,0
2022-09-09,32035.900390625,32213.55078125,31927.150390625,32126.0,0
2022-09-12,32345.44921875,32382.30078125,32148.94921875,32181.80078125,0
2022-09-13,32398.75,32603.25,32360.30078125,32502.69921875,0
2022-09-14,32291.75,32386.69921875,31928.599609375,31973.099609375,0
2022-09-15,32415.69921875,32569.25,32208.349609375,32452.30078125,0
2022-09-16,31494.900390625,32443.599609375,31288.25,32399.400390625,0
2022-09-19,31504.400390625,31639.75,31184.55078125,31551.44921875,0
2022-09-20,31955.5,32172.75,31733.650390625,31743.55078125,0
2022-09-21,31718.69921875,32186.349609375,31647.900390625,31984.900390625,0
2022-09-22,31826.099609375,31897.650390625,31407.849609375,31613.69921875,0
2022-09-23,31078.69921875,31917.349609375,31030.150390625,31861.25,0
2022-09-26,30111.80078125,30814.0,29894.05078125,30797.650390625,0
2022-09-27,30160.69921875,30437.05078125,29898.849609375,30267.5,0
2022-09-28,30066.150390625,30332.150390625,29884.44921875,29965.650390625,0
2022-09-29,30185.650390625,30498.44921875,30027.69921875,30375.19921875,0
2022-09-30,30668.30078125,30731.400390625,29878.94921875,30178.55078125,0
2022-10-03,30284.650390625,30767.849609375,30167.80078125,30672.55078125,0
2022-10-04,31090.599609375,31119.5,30669.400390625,30753.30078125,0
2022-10-06,31482.69921875,31566.69921875,31326.349609375,31339.0,0
2022-10-07,31406.80078125,31534.44921875,31177.099609375,31505.25,0
2022-10-10,31109.349609375,31210.05078125,30909.80078125,31041.150390625,0
2022-10-11,30567.69921875,31210.80078125,30494.30078125,31204.44921875,0
2022-10-12,30756.55078125,30801.25,30346.30078125,30670.349609375,0
2022-10-13,30544.69921875,30824.69921875,30411.80078125,30769.599609375,0
2022-10-14,30524.44921875,31042.05078125,30491.5,30979.80078125,0
2022-10-17,30572.650390625,30611.69921875,30176.25,30435.0,0
2022-10-18,30908.0,30931.400390625,30663.599609375,30791.900390625,0
2022-10-19,30984.44921875,31085.900390625,30901.94921875,31000.75,0
2022-10-20,30901.349609375,30937.150390625,30632.099609375,30828.80078125,0
2022-10-21,30691.849609375,31091.650390625,30602.150390625,30983.75,0
2022-10-24,30845.19921875,31024.650390625,30812.599609375,31024.30078125,0
2022-10-25,30982.69921875,31065.900390625,30674.849609375,30897.849609375,0
2022-10-27,31172.349609375,31218.5,31022.94921875,31089.400390625,0
2022-10-28,31003.25,31267.75,30927.19921875,31238.349609375,0
2022-10-31,31432.30078125,31454.900390625,31142.400390625,31144.900390625,0
2022-11-01,31705.5,31741.80078125,31510.75,31536.94921875,0
2022-11-02,31680.0,31828.30078125,31623.900390625,31725.150390625,0
2022-11-03,31786.849609375,31828.75,31524.650390625,31547.900390625,0
2022-11-04,31707.900390625,31913.599609375,31649.150390625,31838.400390625,0
2022-11-07,31963.599609375,31990.25,31789.599609375,31872.099609375,0
2022-11-09,31726.30078125,32081.55078125,31672.400390625,32075.650390625,0
2022-11-10,31358.650390625,31666.349609375,31238.650390625,31638.30078125,0
2022-11-11,31381.69921875,31830.0,31322.19921875,31722.44921875,0
2022-11-14,31399.150390625,31475.900390625,31190.55078125,31384.55078125,0
2022-11-15,31403.55078125,31483.650390625,31321.349609375,31424.05078125,0
2022-11-16,31197.900390625,31524.55078125,31073.80078125,31454.099609375,0
2022-11-17,31072.0,31184.099609375,30997.349609375,31165.150390625,0
2022-11-18,30916.69921875,31196.55078125,30750.69921875,31162.80078125,0
2022-11-21,30901.5,30976.69921875,30792.94921875,30909.849609375,0
2022-11-22,31070.0,31093.849609375,30932.349609375,30969.150390625,0
2022-11-23,31150.650390625,31234.75,31103.75,31171.0,0
2022-11-24,31289.25,31311.69921875,31192.55078125,31267.94921875,0
2022-11-25,31587.650390625,31625.30078125,31356.349609375,31368.150390625,0
2022-11-28,31818.900390625,31850.150390625,31582.55078125,31600.400390625,0
2022-11-29,31677.30078125,31889.599609375,31632.80078125,31832.849609375,0
2022-11-30,32037.900390625,32120.400390625,31716.05078125,31722.80078125,0
2022-12-01,32283.849609375,32325.75,32083.900390625,32201.849609375,0
2022-12-02,32566.849609375,32590.44921875,32288.599609375,32311.400390625,0
2022-12-05,32646.94921875,32685.44921875,32465.349609375,32684.099609375,0
2022-12-06,32495.25,32647.0,32432.0,32585.69921875,0
2022-12-07,32308.30078125,32591.900390625,32264.80078125,32548.099609375,0
2022-12-08,32503.94921875,32526.05078125,32294.80078125,32390.25,0
2022-12-09,32374.5,32761.94921875,32093.349609375,32662.19921875,0
2022-12-12,32490.94921875,32514.650390625,32100.849609375,32386.69921875,0
2022-12-13,32667.30078125,32685.44921875,32495.150390625,32595.5,0
2022-12-14,32863.19921875,32937.1484375,32734.80078125,32794.3515625,0
2022-12-15,32530.75,32939.30078125,32450.94921875,32864.30078125,0
2022-12-16,32010.099609375,32492.19921875,31924.099609375,32391.5,0
2022-12-19,32186.849609375,32207.94921875,31843.25,32066.5,0
2022-12-20,32117.0,32191.400390625,31804.80078125,32127.099609375,0
2022-12-21,31610.30078125,32387.25,31518.55078125,32236.099609375,0
2022-12-22,31336.650390625,31856.849609375,31093.150390625,31764.80078125,0
2022-12-23,30157.650390625,31103.849609375,30101.19921875,31027.0,0
2022-12-27,31283.75,31360.5,31006.099609375,31193.900390625,0
2022-12-28,31325.55078125,31406.349609375,31089.69921875,31275.94921875,0
2022-12-29,31350.900390625,31426.650390625,30965.80078125,31210.099609375,0
2022-12-30,31509.099609375,31679.44921875,31454.849609375,31553.900390625,0
2023-01-02,31786.44921875,31811.349609375,31498.05078125,31630.599609375,0
2023-01-03,31860.349609375,31951.650390625,31757.150390625,31850.80078125,0
2023-01-04,31503.099609375,31947.5,31399.94921875,31898.25,0
2023-01-05,31661.5,31693.5,31395.75,31615.400390625,0
2023-01-06,31420.19921875,31735.94921875,31305.80078125,31702.80078125,0
2023-01-09,31716.650390625,31760.44921875,31533.849609375,31653.349609375,0
2023-01-10,31559.30078125,31771.0,31383.69921875,31771.0,0
2023-01-11,31457.19921875,31668.55078125,31404.650390625,31633.55078125,0
2023-01-12,31360.099609375,31566.5,31236.69921875,31566.19921875,0
2023-01-13,31328.349609375,31428.25,31144.900390625,31427.25,0
2023-01-16,31253.05078125,31522.099609375,31218.75,31404.25,0
2023-01-17,31217.599609375,31321.05078125,31002.5,31310.5,0
2023-01-18,31379.30078125,31408.5,31190.25,31283.80078125,0
2023-01-19,31344.599609375,31388.30078125,31221.0,31301.69921875,0
2023-01-20,31099.80078125,31387.69921875,31064.150390625,31359.30078125,0
2023-01-23,31273.80078125,31297.80078125,31029.55078125,31138.05078125,0
2023-01-24,31151.849609375,31370.25,31107.69921875,31328.25,0
2023-01-25,30694.30078125,31117.599609375,30614.599609375,31117.599609375,0
2023-01-27,30241.900390625,30782.5,29895.349609375,30749.75,0
2023-01-30,30185.849609375,30494.349609375,29960.80078125,30223.400390625,0
2023-01-31,30676.44921875,30736.099609375,30111.0,30275.599609375,0
2023-02-01,30386.650390625,31179.75,29869.150390625,30934.30078125,0
2023-02-02,30433.0,30587.849609375,30149.44921875,30274.599609375,0
2023-02-03,30378.099609375,30566.75,29926.849609375,30511.05078125,0
2023-02-06,30670.650390625,30704.349609375,30336.900390625,30375.5,0
2023-02-07,30663.80078125,30760.150390625,30502.80078125,30718.55078125,0
2023-02-08,30944.0,30982.650390625,30629.849609375,30722.55078125,0
2023-02-09,30956.650390625,31036.650390625,30846.75,31016.25,0
2023-02-10,31029.44921875,31093.0,30806.650390625,30874.94921875,0
2023-02-13,30565.349609375,31008.900390625,30521.75,30973.150390625,0
2023-02-14,30481.80078125,30655.44921875,30321.900390625,30591.5,0
2023-02-15,30671.0,30705.349609375,30405.25,30427.5,0
2023-02-16,30886.5,30981.400390625,30736.19921875,30800.849609375,0
2023-02-17,30642.05078125,30863.150390625,30591.80078125,30803.94921875,0
2023-02-20,30666.900390625,30826.400390625,30491.599609375,30715.0,0
2023-02-21,30556.80078125,30788.25,30519.05078125,30743.25,0
2023-02-22,30211.0,30517.55078125,30124.349609375,30452.94921875,0
2023-02-23,30165.650390625,30257.599609375,29883.5,30226.099609375,0
2023-02-24,30103.400390625,30373.650390625,30060.80078125,30257.900390625,0
2023-02-27,29894.900390625,30081.849609375,29631.099609375,30078.349609375,0
2023-02-28,30117.30078125,30166.25,29875.55078125,29960.5,0
2023-03-01,30584.099609375,30613.94921875,30176.75,30182.900390625,0
2023-03-02,30486.75,30621.099609375,30455.849609375,30605.94921875,0
2023-03-03,30697.650390625,30768.599609375,30600.75,30644.349609375,0
2023-03-06,30960.05078125,31093.94921875,30825.75,30840.44921875,0
2023-03-08,31119.25,31150.650390625,30774.75,30839.849609375,0
2023-03-09,30948.650390625,31258.849609375,30901.650390625,31197.05078125,0
2023-03-10,30717.44921875,30753.900390625,30463.150390625,30753.5,0
2023-03-13,30106.849609375,30742.30078125,30023.849609375,30630.69921875,0
2023-03-14,29949.349609375,30165.5,29808.80078125,30132.849609375,0
2023-03-15,29971.25,30248.25,29919.94921875,30170.150390625,0
2023-03-16,29997.5,30092.349609375,29598.69921875,29907.0,0
2023-03-17,30092.25,30284.599609375,29983.099609375,30204.349609375,0
2023-03-20,29782.55078125,30139.349609375,29543.150390625,30078.900390625,0
2023-03-21,29958.150390625,29995.599609375,29797.55078125,29897.849609375,0
2023-03-22,30040.599609375,30160.599609375,30011.25,30072.25,0
2023-03-23,29916.69921875,30071.599609375,29884.150390625,29992.849609375,0
2023-03-24,29565.44921875,29944.75,29504.400390625,29915.94921875,0
2023-03-27,29426.599609375,29634.650390625,29386.05078125,29578.19921875,0
2023-03-28,29324.75,29516.80078125,29200.19921875,29483.94921875,0
2023-03-29,29775.55078125,29833.599609375,29291.099609375,29291.099609375,0
2023-03-31,30035.150390625,30144.150390625,29907.05078125,29914.349609375,0
2023-04-03,30166.75,30200.099609375,30049.05078125,30199.0,0
2023-04-05,30160.150390625,30197.0,30074.25,30189.05078125,0
2023-04-06,30353.80078125,30397.599609375,30058.05078125,30152.80078125,0
2023-04-10,30470.099609375,30505.900390625,30328.75,30455.849609375,0
2023-04-11,30623.5,30696.099609375,30501.400390625,30553.44921875,0
2023-04-12,30824.05078125,30838.900390625,30659.55078125,30691.349609375,0
2023-04-13,30884.650390625,30977.05078125,30745.05078125,30895.30078125,0
2023-04-17,31006.5,31023.75,30682.75,30812.80078125,0
2023-04-18,31240.75,31271.30078125,31036.599609375,31084.0,0
2023-04-19,31211.25,31361.400390625,31173.900390625,31307.099609375,0
2023-04-20,31219.55078125,31316.55078125,31197.0,31271.69921875,0
2023-04-21,31087.349609375,31276.0,30954.900390625,31274.349609375,0
2023-04-24,31210.0,31228.75,30999.150390625,31113.69921875,0
2023-04-25,31180.599609375,31279.099609375,31140.0,31228.5,0
2023-04-26,31228.849609375,31250.349609375,31028.55078125,31150.150390625,0
2023-04-27,31404.19921875,31433.400390625,31242.25,31254.349609375,0
2023-04-28,31794.75,31816.30078125,31452.849609375,31477.75,0
2023-05-02,32101.80078125,32171.80078125,31926.849609375,31948.849609375,0
2023-05-03,32186.19921875,32257.80078125,31982.19921875,32053.25,0
2023-05-04,32374.349609375,32399.349609375,32227.69921875,32243.80078125,0
2023-05-05,32148.849609375,32455.25,32110.5,32393.099609375,0
2023-05-08,32476.099609375,32500.849609375,32233.5,32259.650390625,0
2023-05-09,32488.5,32739.55078125,32437.75,32571.900390625,0
2023-05-10,32505.349609375,32578.400390625,32276.94921875,32578.099609375,0
2023-05-11,32601.30078125,32694.19921875,32541.05078125,32625.55078125,0
2023-05-12,32468.44921875,32646.599609375,32417.30078125,32646.599609375,0
2023-05-15,32709.400390625,32779.5,32421.69921875,32493.0,0
2023-05-16,32792.8515625,33044.80078125,32766.849609375,32830.8515625,0
2023-05-17,32762.75,32868.05078125,32529.44921875,32821.1015625,0
2023-05-18,32570.55078125,32934.19921875,32520.25,32904.0,0
2023-05-19,32550.349609375,32616.25,32232.400390625,32615.25,0
2023-05-22,32756.400390625,32776.3515625,32450.55078125,32530.05078125,0
2023-05-23,32961.8984375,33000.80078125,32830.8984375,32873.1015625,0
2023-05-24,33031.3515625,33136.69921875,32865.3984375,32975.0,0
2023-05-25,33157.1015625,33188.3984375,32972.3984375,33018.69921875,0
2023-05-26,33425.1015625,33454.75,33180.0,33199.80078125,0
2023-05-29,33551.0,33613.6484375,33427.1015625,33574.25,0
2023-05-30,33635.30078125,33695.44921875,33541.44921875,33598.1015625,0
2023-05-31,33761.30078125,33814.69921875,33540.94921875,33616.30078125,0
2023-06-01,33812.3984375,33961.94921875,33774.8515625,33788.25,0
2023-06-02,33966.80078125,34006.55078125,33891.5,33926.80078125,0
2023-06-05,34015.19921875,34170.3515625,33984.25,34113.19921875,0
2023-06-06,34035.8984375,34065.5,33830.0,34041.55078125,0
2023-06-07,34390.1015625,34417.94921875,34150.3984375,34168.6015625,0
2023-06-08,34200.3984375,34534.69921875,34157.69921875,34502.1484375,0
2023-06-09,34153.05078125,34355.80078125,34114.1015625,34298.6484375,0
2023-06-12,34342.30078125,34372.30078125,34090.94921875,34255.19921875,0
2023-06-13,34761.0,34781.19921875,34428.30078125,34431.94921875,0
2023-06-14,34833.30078125,34870.19921875,34737.25,34864.55078125,0
2023-06-15,34907.0,35029.80078125,34790.44921875,34883.0,0
2023-06-16,35144.30078125,35198.05078125,34995.80078125,35026.69921875,0
2023-06-19,35158.05078125,35396.8515625,35122.8984375,35282.05078125,0
2023-06-20,35329.19921875,35355.55078125,35062.94921875,35195.0,0
2023-06-21,35614.3984375,35744.6484375,35517.8984375,35565.25,0
2023-06-22,35235.25,35693.3984375,35130.75,35682.6484375,0
2023-06-23,34799.8984375,35223.6015625,34767.30078125,35217.30078125,0
2023-06-26,35120.44921875,35157.25,34659.75,34786.75,0
2023-06-27,35296.94921875,35377.94921875,35191.94921875,35240.5,0
2023-06-28,35520.94921875,35578.55078125,35369.3515625,35463.8984375,0
2023-06-30,35754.3515625,35782.25,35612.19921875,35644.75,0
2023-07-03,35843.5,35980.80078125,35790.8515625,35945.3984375,0
2023-07-04,35771.80078125,35978.5,35699.55078125,35972.80078125,0
2023-07-05,36024.6484375,36054.75,35786.8984375,35841.55078125,0
2023-07-06,36373.1015625,36379.8984375,36043.69921875,36084.69921875,0
2023-07-07,36076.80078125,36403.6015625,35953.05078125,36354.6015625,0
2023-07-10,35938.05078125,36190.25,35831.80078125,36183.30078125,0
2023-07-11,36252.8984375,36344.1015625,36028.30078125,36057.44921875,0
2023-07-12,36408.1484375,36458.6484375,36261.8984375,36354.80078125,0
2023-07-13,36114.3515625,36546.80078125,36005.25,36542.55078125,0
2023-07-14,36528.94921875,36549.55078125,36192.69921875,36281.44921875,0
2023-07-17,36641.25,36766.5,36589.3515625,36651.3984375,0
2023-07-18,36591.3984375,36747.30078125,36409.8515625,36730.8984375,0
2023-07-19,36839.0,36860.19921875,36623.19921875,36689.6484375,0
2023-07-20,36931.69921875,36966.0,36863.6015625,36919.25,0
2023-07-21,36799.5,36886.19921875,36752.05078125,36809.05078125,0
2023-07-24,36742.6015625,36940.8515625,36705.69921875,36879.3515625,0
2023-07-25,36887.6484375,36944.8515625,36655.25,36929.6484375,0
2023-07-26,37050.1015625,37117.8984375,36940.94921875,37017.1015625,0
2023-07-27,37151.6015625,37297.0,37025.3984375,37227.3984375,0
2023-07-28,37357.1484375,37378.05078125,37135.94921875,37234.1015625,0
2023-07-31,37721.3515625,37757.1484375,37352.6484375,37432.0,0
2023-08-01,37733.44921875,37884.44921875,37666.8984375,37853.6484375,0
2023-08-02,37232.69921875,37707.44921875,36874.0,37697.3515625,0
2023-08-03,37326.1484375,37408.0,37100.8515625,37206.69921875,0
2023-08-04,37630.6015625,37715.05078125,37419.75,37509.25,0
2023-08-07,37824.1484375,37847.94921875,37615.8515625,37723.69921875,0
2023-08-08,37912.5,37984.05078125,37578.75,37950.6015625,0
2023-08-09,38037.0,38058.3984375,37756.3984375,37995.8515625,0
2023-08-10,38007.6015625,38163.94921875,37850.94921875,38100.8984375,0
2023-08-11,37836.1484375,38148.5,37791.19921875,38138.0,0
2023-08-14,37770.19921875,37838.1484375,37258.6015625,37791.8515625,0
2023-08-16,37801.6484375,37844.44921875,37526.3515625,37709.0,0
2023-08-17,37895.5,38013.80078125,37832.8984375,37901.3984375,0
2023-08-18,37815.3984375,38003.19921875,37715.1484375,37923.8984375,0
2023-08-21,38126.3984375,38160.8515625,37830.6484375,37900.1484375,0
2023-08-22,38544.30078125,38563.0,38237.6484375,38263.8515625,0
2023-08-23,38694.6484375,38831.80078125,38641.69921875,38681.1015625,0
2023-08-24,38789.0,39039.0,38751.25,38934.94921875,0
2023-08-25,38471.25,38805.80078125,38385.1484375,38712.1484375,0
2023-08-28,38662.1484375,38733.25,38508.25,38605.5,0
2023-08-29,38794.80078125,38844.0,38708.8515625,38777.8515625,0
2023-08-30,39077.55078125,39151.8984375,38953.80078125,38966.80078125,0
2023-08-31,39118.6484375,39241.8984375,38965.8984375,39202.3515625,0
2023-09-01,39445.6015625,39480.5,39035.80078125,39148.3984375,0
2023-09-04,39830.3515625,39885.30078125,39445.6015625,39630.75,0
2023-09-05,40253.6015625,40292.1484375,39830.3515625,39995.44921875,0
2023-09-06,40284.1015625,40377.30078125,40154.80078125,40367.3515625,0
2023-09-07,40593.8984375,40619.1484375,40284.1015625,40362.80078125,0
2023-09-08,40977.75,41011.1484375,40593.8984375,40722.80078125,0
2023-09-11,41444.19921875,41467.19921875,41148.69921875,41225.80078125,0
2023-09-12,40170.30078125,41686.75,40128.0,41684.8984375,0
2023-09-13,40245.1015625,40345.75,39603.6484375,40142.75,0
2023-09-14,40716.05078125,40740.8515625,40403.6015625,40455.6484375,0
2023-09-15,40829.8984375,40982.75,40711.6015625,40908.3984375,0
2023-09-18,40658.19921875,40890.5,40633.1015625,40885.30078125,0
2023-09-20,40543.8515625,40714.44921875,40311.6484375,40515.3984375,0
2023-09-21,40184.8515625,40664.94921875,40095.44921875,40480.6484375,0
2023-09-22,40139.1484375,40399.55078125,39909.25,40240.44921875,0
2023-09-25,40405.69921875,40456.3515625,39909.8515625,40216.94921875,0
2023-09-26,40338.8515625,40546.6015625,40312.8515625,40437.6484375,0
2023-09-27,40640.80078125,40678.3984375,40311.3984375,40423.19921875,0
2023-09-28,40104.05078125,40766.75,40051.6484375,40734.25,0
2023-09-29,40537.05078125,40663.25,40165.5,40273.8984375,0
2023-10-03,40608.8515625,40666.0,40382.30078125,40562.1015625,0
2023-10-04,40047.5,40525.8515625,39746.8515625,40522.75,0
2023-10-05,40046.0,40402.3984375,40014.05078125,40246.55078125,0
2023-10-06,40284.69921875,40319.3515625,40123.8515625,40207.0,0
2023-10-09,39744.6484375,39987.30078125,39634.69921875,39895.0,0
2023-10-10,40285.5,40325.0,39921.94921875,39925.75,0
2023-10-11,40486.25,40731.1484375,40458.6484375,40539.94921875,0
2023-10-12,40555.5,40704.94921875,40523.3984375,40654.55078125,0
2023-10-13,40506.1484375,40641.8515625,40348.80078125,40429.80078125,0
2023-10-16,40590.6484375,40687.6015625,40443.55078125,40571.55078125,0
2023-10-17,40733.3515625,40849.44921875,40666.30078125,40798.25,0
2023-10-18,40367.1484375,40844.3984375,40318.8515625,40799.80078125,0
2023-10-19,40332.6015625,40375.6015625,40001.0,40219.30078125,0
2023-10-20,39878.75,40322.3984375,39754.44921875,40256.1015625,0
2023-10-23,38817.3515625,39971.8984375,38706.1015625,39918.1015625,0
2023-10-25,38564.25,39083.3984375,38187.6484375,38964.3515625,0
2023-10-26,38116.75,38365.80078125,37655.8515625,38337.75,0
2023-10-27,38701.8515625,38828.3515625,38383.0,38383.5,0
2023-10-30,38735.19921875,38832.69921875,38363.19921875,38804.3515625,0
2023-10-31,38876.94921875,39116.6484375,38818.94921875,38952.94921875,0
2023-11-01,38775.1015625,39004.19921875,38738.69921875,38983.0,0
2023-11-02,39312.44921875,39351.69921875,39055.44921875,39061.75,0
2023-11-03,39587.3984375,39640.05078125,39490.3984375,39576.75,0
2023-11-06,39937.1015625,39967.69921875,39743.3984375,39831.3515625,0
2023-11-07,40049.80078125,40139.25,39892.6015625,40031.44921875,0
2023-11-08,40446.8515625,40482.30078125,40250.75,40275.80078125,0
2023-11-09,40537.6484375,40680.8984375,40454.6015625,40566.3515625,0
2023-11-10,40733.05078125,40778.1015625,40297.25,40509.30078125,0
2023-11-13,41009.69921875,41063.69921875,40784.25,40933.94921875,0
2023-11-15,41404.8515625,41432.55078125,41237.05078125,41401.8515625,0
2023-11-16,41726.30078125,41818.94921875,41414.8984375,41463.69921875,0
2023-11-17,41811.25,41863.19921875,41584.1484375,41670.69921875,0
2023-11-20,41856.44921875,42011.1015625,41774.5,41920.0,0
2023-11-21,41883.5,42058.94921875,41843.69921875,42023.1484375,0
2023-11-22,42027.1015625,42078.30078125,41676.3515625,41949.25,0
2023-11-23,42027.30078125,42184.3984375,42006.5,42168.94921875,0
2023-11-24,42050.44921875,42193.19921875,41992.8984375,42145.3515625,0
2023-11-28,42278.0,42299.75,42077.6015625,42200.94921875,0
2023-11-29,42618.69921875,42664.69921875,42501.30078125,42507.1015625,0
2023-11-30,42908.8984375,42979.6484375,42483.69921875,42709.8515625,0
2023-12-01,43382.3984375,43469.30078125,43118.25,43155.05078125,0
2023-12-04,43918.6015625,44148.8984375,43727.94921875,44116.44921875,0
2023-12-05,44122.8984375,44187.94921875,43661.1015625,44095.44921875,0
2023-12-06,44232.44921875,44434.75,43989.25,44299.44921875,0
2023-12-07,44495.0,44516.8984375,44007.94921875,44301.1484375,0
2023-12-08,44400.19921875,44758.3515625,44033.1484375,44662.5,0
2023-12-11,44729.1484375,44762.94921875,44458.30078125,44536.80078125,0
2023-12-12,44555.75,44920.6484375,44303.6484375,44890.6484375,0
2023-12-13,44947.30078125,44997.55078125,44465.94921875,44689.0,0
2023-12-14,45534.30078125,45587.0,45221.44921875,45276.55078125,0
2023-12-15,45586.55078125,45814.44921875,45514.1015625,45791.3515625,0
2023-12-18,45685.1484375,45833.94921875,45355.1484375,45678.6015625,0
2023-12-19,45512.44921875,45837.6015625,45276.75,45813.0,0
2023-12-20,44024.94921875,45955.94921875,43845.3515625,45757.94921875,0
2023-12-21,44767.69921875,44825.1484375,43281.30078125,43609.8984375,0
2023-12-22,45094.80078125,45234.1484375,44758.55078125,45040.55078125,0
2023-12-26,45388.1015625,45502.25,45138.0,45275.25,0
2023-12-27,45558.94921875,45781.6015625,45341.55078125,45621.8515625,0
2023-12-28,45815.25,45846.75,45549.1484375,45720.19921875,0
2023-12-29,46181.6484375,46248.6484375,45731.1484375,45931.1484375,0
2024-01-02,46389.6484375,46652.25,45858.6015625,46581.1484375,0
2024-01-03,46529.05078125,46652.44921875,46183.8515625,46473.0,0
2024-01-04,47309.69921875,47345.25,46728.19921875,46744.80078125,0
2024-01-05,47396.30078125,47647.8984375,47064.19921875,47539.30078125,0
2024-01-08,46894.3515625,47560.0,46845.3515625,47541.55078125,0
2024-01-09,46969.94921875,47360.6484375,46901.0,47230.0,0
2024-01-10,47107.1484375,47130.1484375,46576.8515625,47057.1484375,0
2024-01-11,47337.30078125,47434.75,47197.3984375,47291.69921875,0
2024-01-12,47512.6015625,47595.3984375,47363.6484375,47579.05078125,0
2024-01-15,47837.94921875,47951.3515625,47485.8984375,47797.05078125,0
2024-01-16,47667.3984375,48053.44921875,47249.6484375,47970.75,0
2024-01-17,47151.55078125,47599.8984375,46899.55078125,47252.75,0
2024-01-18,47099.8515625,47176.1484375,45860.25,47038.19921875,0
2024-01-19,47815.94921875,47855.8984375,47377.1484375,47510.3984375,0
2024-01-23,46569.6015625,48493.94921875,46259.0,48459.1484375,0
2024-01-24,47423.3984375,47505.3984375,46081.3515625,46681.1484375,0
2024-01-25,47208.6484375,47589.25,46951.5,47565.80078125,0
2024-01-29,47979.05078125,48003.1484375,47289.80078125,47406.1015625,0
2024-01-30,47791.94921875,48296.3984375,47731.8515625,48233.0,0
2024-01-31,48568.6015625,48598.05078125,47827.30078125,47876.1015625,0
2024-02-01,48298.0,48726.75,47987.30078125,48726.75,0
2024-02-02,48477.0,48796.3515625,48416.1015625,48521.0,0
2024-02-05,48410.19921875,48876.3984375,48296.1015625,48668.6484375,0
2024-02-06,48984.6484375,49018.5,48301.55078125,48638.55078125,0
2024-02-07,49352.05078125,49430.8515625,48950.05078125,49349.1015625,0
2024-02-08,49327.80078125,49780.6484375,49238.69921875,49776.3984375,0
2024-02-09,48889.05078125,49395.69921875,48040.75,49390.69921875,0
2024-02-12,47675.80078125,49142.8984375,47526.55078125,49137.6484375,0
2024-02-13,47835.6484375,47908.19921875,46943.25,47754.6484375,0
2024-02-14,48331.8984375,48494.8515625,47096.5,47313.0,0
2024-02-15,48821.8984375,48896.1015625,48583.3984375,48653.3515625,0
2024-02-16,49131.94921875,49210.1015625,48897.6484375,49059.6484375,0
2024-02-20,49248.44921875,49451.69921875,49078.3984375,49347.1015625,0
2024-02-21,48630.5,49464.8984375,48499.55078125,49411.3515625,0
2024-02-22,49128.3515625,49189.30078125,48195.5,48857.0,0
2024-02-23,49279.55078125,49506.25,49164.05078125,49359.05078125,0
2024-02-26,49102.30078125,49404.3984375,48845.69921875,49320.75,0
2024-02-27,49041.19921875,49351.80078125,48860.94921875,49139.55078125,0
2024-02-28,48089.1015625,49184.6015625,47972.1015625,49159.8515625,0
2024-02-29,48335.69921875,48470.80078125,47548.80078125,48098.6484375,0
2024-03-01,48790.6015625,48830.5,48517.44921875,48574.94921875,0
2024-03-04,49248.8984375,49334.75,48971.1484375,49273.69921875,0
2024-03-05,49114.8984375,49381.6484375,48999.8515625,49278.30078125,0
2024-03-06,48857.30078125,49228.1015625,48092.6484375,49213.69921875,0
2024-03-07,48966.1484375,49182.05078125,48868.6015625,48935.8984375,0
2024-03-11,48774.6484375,49201.19921875,48697.3515625,49194.6015625,0
2024-03-12,48086.8515625,48891.19921875,47862.3984375,48837.19921875,0
2024-03-13,45971.3984375,48278.0,45656.8515625,48190.05078125,0
2024-03-14,46901.19921875,46979.75,45293.3515625,45658.1015625,0
2024-03-15,46685.6015625,47145.30078125,46062.05078125,46904.44921875,0
2024-03-18,46501.6484375,46847.94921875,46149.55078125,46669.1015625,0
2024-03-19,45926.30078125,46536.55078125,45751.05078125,46514.80078125,0
2024-03-20,45919.8984375,46234.69921875,45395.30078125,46096.6484375,0
2024-03-21,47033.55078125,47071.1484375,46424.8515625,46430.69921875,0
2024-03-22,47312.8515625,47371.0,46843.5,46986.25,0
2024-03-26,47807.6484375,47842.19921875,47193.6484375,47200.25,0
2024-03-27,47837.3515625,48135.3515625,47786.1015625,47965.30078125,0
2024-03-28,48075.75,48250.25,47785.19921875,48131.3984375,0
2024-04-01,48912.05078125,48958.5,48388.8515625,48463.1484375,12842600
2024-04-02,49479.30078125,49521.30078125,48918.44921875,49117.30078125,0
2024-04-03,49736.69921875,49801.3984375,49252.69921875,49398.94921875,0
2024-04-04,49743.80078125,50152.3515625,49605.80078125,50101.1015625,0
2024-04-05,50022.8515625,50058.55078125,49678.75,49791.75,0
2024-04-08,50041.3984375,50361.05078125,49760.25,50355.55078125,0
2024-04-09,49894.69921875,50309.6015625,49744.1484375,50279.1015625,0
2024-04-10,50380.3984375,50443.1484375,49963.19921875,50075.3984375,0
2024-04-12,50067.55078125,50590.19921875,50022.05078125,50339.19921875,0
2024-04-15,49281.0,49644.75,48785.8515625,49105.0,0
2024-04-16,49236.6484375,49550.30078125,48842.94921875,48993.3515625,0
2024-04-18,48995.69921875,49731.19921875,48893.25,49532.0,0
2024-04-19,48696.94921875,48913.69921875,47952.69921875,48548.3984375,0
2024-04-22,49096.3984375,49215.8515625,48916.1484375,49118.1015625,0
2024-04-23,49614.8515625,49698.3515625,49291.8984375,49396.44921875,0
2024-04-24,49991.8984375,50050.3984375,49807.30078125,49855.1484375,0
2024-04-25,50228.5,50271.05078125,49822.3515625,50010.3515625,0
2024-04-26,50624.1015625,50684.5,50333.5,50365.3515625,0
2024-04-29,50834.44921875,50875.69921875,50522.44921875,50738.3984375,0
2024-04-30,50868.19921875,51232.3515625,50807.8984375,51028.05078125,0
2024-05-02,51115.1015625,51176.55078125,50853.69921875,51079.69921875,0
2024-05-03,50935.1484375,51342.6484375,50655.1484375,51284.0,0
2024-05-06,50662.19921875,51265.80078125,50342.30078125,51258.1484375,0
2024-05-07,49674.44921875,50788.69921875,49363.75,50775.94921875,0
2024-05-08,50036.30078125,50169.8515625,49265.6015625,49588.80078125,0
2024-05-09,49109.1484375,50155.5,49016.3984375,50109.75,0
2024-05-10,49532.30078125,49585.55078125,48605.3984375,49252.3515625,0
2024-05-13,49735.3984375,49818.94921875,48568.1015625,49544.55078125,0
2024-05-14,50225.19921875,50268.8984375,49654.44921875,49859.19921875,0
2024-05-15,50707.75,50768.69921875,50382.8515625,50401.75,0
2024-05-16,51153.30078125,51216.19921875,50724.30078125,50939.8984375,0
2024-05-17,51604.8984375,51629.44921875,51209.19921875,51306.80078125,0
2024-05-21,52068.30078125,52109.1484375,51579.1015625,51904.1015625,0
2024-05-22,52167.5,52372.30078125,51680.1015625,52284.05078125,0
2024-05-23,52418.55078125,52452.6484375,52052.5,52395.8515625,0
2024-05-24,52424.44921875,52731.30078125,52324.3984375,52464.55078125,0
2024-05-27,52761.75,53043.6015625,52405.80078125,52661.05078125,0
2024-05-28,52294.80078125,52994.3984375,52066.3515625,52870.75,0
2024-05-29,52125.75,52323.94921875,51856.19921875,52128.6015625,0
2024-05-30,51426.8515625,52133.25,51331.1015625,52109.1484375,0
2024-05-31,51705.69921875,51844.5,51186.3515625,51717.0,0
2024-06-03,53353.3515625,53705.30078125,52825.6484375,53705.30078125,0
2024-06-04,49150.80078125,53410.1484375,47246.6015625,53410.1484375,0
2024-06-05,51266.69921875,51414.25,48379.75,49730.75,0
2024-06-06,52413.69921875,52707.8515625,51818.6484375,51876.8984375,0
2024-06-07,53194.69921875,53234.6484375,52327.3515625,52537.25,0
2024-06-10,53235.75,53705.80078125,52990.8515625,53463.75,0
2024-06-11,53666.5,53880.5,53282.75,53450.30078125,0
2024-06-12,54226.1015625,54308.80078125,53857.6015625,53911.19921875,0
2024-06-13,54652.25,54753.19921875,54357.44921875,54647.1015625,0
2024-06-14,55225.94921875,55270.94921875,54612.69921875,54834.44921875,0
2024-06-18,55490.05078125,55523.19921875,55201.55078125,55421.19921875,0
2024-06-19,54951.69921875,55679.6015625,54671.8984375,55679.1484375,0
2024-06-20,55473.80078125,55514.6015625,54832.0,55121.3515625,0
2024-06-21,55429.1484375,55854.75,55322.94921875,55748.0,0
2024-06-24,55577.05078125,55683.1015625,54857.75,55309.6484375,0
2024-06-25,55368.55078125,55922.94921875,55269.25,55764.8515625,0
2024-06-26,55245.80078125,55521.3515625,55168.25,55427.05078125,0
2024-06-27,55424.25,55681.1015625,54975.80078125,55382.6484375,0
2024-06-28,55736.8984375,55927.6015625,55552.05078125,55577.5,0
2024-07-01,56292.5,56335.69921875,55762.6015625,55901.44921875,0
2024-07-02,55854.69921875,56504.5,55518.6015625,56462.69921875,0
2024-07-03,56293.30078125,56361.5,55981.3515625,56149.8984375,0
2024-07-04,56618.6015625,56711.25,56316.3515625,56510.25,0
2024-07-05,57089.44921875,57139.25,56558.3515625,56690.30078125,0
2024-07-08,56888.19921875,57339.8984375,56706.1484375,57294.3984375,0
2024-07-09,57077.55078125,57297.75,56798.25,57158.80078125,0
2024-07-10,56921.1484375,57373.30078125,55727.80078125,57348.19921875,0
2024-07-11,57148.25,57263.6484375,56904.3984375,57217.3984375,0
2024-07-12,57173.80078125,57412.80078125,57004.05078125,57408.6015625,0
2024-07-15,57664.44921875,57687.6484375,56985.8984375,57431.55078125,0
2024-07-16,57664.0,57909.8515625,57560.5,57866.6484375,0
2024-07-18,57111.1015625,57629.75,56693.94921875,57618.30078125,0
2024-07-19,55908.30078125,57069.75,55788.1015625,57069.75,0
2024-07-22,56624.6484375,56746.69921875,55336.6015625,55724.6015625,0
2024-07-23,56285.25,56991.44921875,54423.05078125,56968.19921875,0
2024-07-24,56872.75,56964.3515625,56227.0,56323.44921875,0
2024-07-25,56741.75,56916.75,56320.69921875,56439.80078125,0
2024-07-26,57768.1015625,57813.55078125,56980.44921875,56991.55078125,0
2024-07-29,58362.05078125,58455.1015625,58054.80078125,58192.1484375,0
2024-07-30,58623.3984375,58782.25,58355.6015625,58445.3515625,0
2024-07-31,58990.8984375,59116.0,58727.69921875,58932.6015625,0
2024-08-01,58490.3984375,59290.05078125,58199.30078125,59259.55078125,0
2024-08-02,57913.6484375,58247.30078125,57563.3984375,57900.6015625,0
2024-08-05,55857.25,56748.94921875,55463.94921875,56319.1484375,0
2024-08-06,55515.55078125,57002.05078125,55362.19921875,56295.8984375,0
2024-08-07,56873.80078125,56936.3515625,56054.1484375,56570.5,0
2024-08-08,56681.19921875,57233.3984375,56603.94921875,57031.5,0
2024-08-09,57174.3984375,57427.19921875,57019.44921875,57227.0,0
2024-08-12,57330.6015625,57440.94921875,56677.8515625,56984.6484375,0
2024-08-13,56881.5,57658.3515625,56779.8515625,57580.3515625,0
2024-08-14,56547.05078125,57144.1015625,56347.1015625,57090.19921875,0
2024-08-16,57656.0,57699.75,56861.19921875,56991.75,0
2024-08-19,57760.8984375,58111.44921875,57623.19921875,57992.6484375,0
2024-08-20,58247.8515625,58282.6484375,57828.30078125,58037.30078125,0
2024-08-21,58444.05078125,58508.44921875,58143.69921875,58303.19921875,0
2024-08-22,58844.8515625,58946.8984375,58623.75,58743.05078125,0
2024-08-23,58555.30078125,59008.44921875,58518.19921875,58961.55078125,0
2024-08-26,58931.1484375,58996.5,58664.30078125,58847.5,0
2024-08-27,59220.25,59260.1484375,58985.75,59086.44921875,0
2024-08-28,59146.3984375,59412.69921875,58942.6484375,59388.80078125,0
2024-08-29,58883.94921875,59269.8515625,58522.94921875,59231.0,0
2024-08-30,59286.6484375,59472.55078125,58982.80078125,59153.8515625,0
2024-09-02,59152.6484375,59529.8984375,58967.6015625,59529.8984375,0
2024-09-03,59297.8515625,59478.8984375,59231.55078125,59271.05078125,0
2024-09-04,59223.69921875,59271.30078125,58756.8984375,58861.80078125,0
2024-09-05,59448.5,59597.3515625,59335.75,59550.1484375,0
2024-09-06,58501.94921875,59527.1484375,58396.80078125,59489.55078125,0
2024-09-09,58347.3984375,58481.55078125,57791.19921875,58463.1015625,0
2024-09-10,59039.05078125,59200.1015625,58754.1484375,58784.5,0
2024-09-11,58938.05078125,59479.5,58812.94921875,59238.3984375,0
2024-09-12,59640.30078125,59697.75,59197.1484375,59436.8515625,0
2024-09-13,60034.05078125,60189.3515625,59779.30078125,59860.3984375,0
2024-09-16,60259.75,60408.25,60029.8515625,60345.3984375,0
2024-09-17,60180.75,60404.6484375,60002.94921875,60367.1484375,0
2024-09-18,59752.8515625,60294.3515625,59443.3515625,60223.75,0
2024-09-19,59351.8984375,60208.6015625,58352.1015625,60073.25,0
2024-09-20,60208.80078125,60374.55078125,59393.19921875,59614.44921875,0
2024-09-23,60712.3984375,60759.44921875,60250.69921875,60521.44921875,0
2024-09-24,60850.80078125,60925.94921875,60737.55078125,60887.6015625,0
2024-09-25,60465.1484375,60888.5,60284.3515625,60872.0,0
2024-09-26,60469.1484375,60615.3984375,59983.44921875,60603.8515625,0
2024-09-27,60381.1484375,60696.3515625,60275.30078125,60584.05078125,0
2024-09-30,60153.80078125,60381.1015625,59829.6015625,60189.55078125,0
2024-10-01,60358.30078125,60414.80078125,59896.80078125,60241.44921875,0
2024-10-03,59024.69921875,60099.6015625,58891.30078125,59490.30078125,0
2024-10-04,58474.44921875,59274.69921875,57916.80078125,58959.80078125,0
2024-10-07,57300.19921875,58855.8515625,56823.19921875,58731.25,0
2024-10-08,58535.8984375,58649.25,56919.0,57096.1484375,0
2024-10-09,59102.6484375,59476.55078125,58873.5,58917.8984375,0
2024-10-10,58935.8515625,59539.0,58832.30078125,59437.05078125,0
2024-10-11,59212.69921875,59259.1484375,58826.19921875,59038.75,0
2024-10-14,59465.44921875,59520.80078125,59043.3984375,59354.19921875,0
2024-10-15,59593.25,59686.19921875,59279.6484375,59664.44921875,0
2024-10-16,59451.8515625,59700.30078125,59234.94921875,59520.75,0
2024-10-17,58465.94921875,59550.80078125,58415.80078125,59521.30078125,0
2024-10-18,58649.1484375,58752.69921875,57575.30078125,58222.6484375,0
2024-10-21,57677.69921875,58970.3515625,57614.19921875,58807.6015625,0
2024-10-22,56174.05078125,57804.8984375,56086.75,57722.6484375,0
2024-10-23,56533.55078125,57033.8984375,55644.25,56100.6015625,0
2024-10-24,56349.75,56796.1484375,56232.1484375,56533.19921875,0
2024-10-25,55277.94921875,56506.3515625,54740.94921875,56482.8984375,0
2024-10-28,55736.6015625,55937.8984375,55095.69921875,55349.75,0
2024-10-29,56251.30078125,56312.6015625,55239.8515625,55979.0,0
2024-10-30,56339.25,56800.8984375,55973.6484375,56166.19921875,0
2024-10-31,56112.8515625,56400.55078125,55746.19921875,56349.1015625,0
2024-11-01,56496.05078125,56657.05078125,56415.69921875,56471.1484375,0
2024-11-04,55784.55078125,56573.94921875,55505.1015625,56573.94921875,0
2024-11-05,56115.44921875,56173.0,55191.30078125,55706.25,0
2024-11-06,57355.80078125,57435.1015625,56369.69921875,56452.5,0
2024-11-07,57109.1484375,57731.55078125,57037.69921875,57628.30078125,0
2024-11-08,56352.0,57214.8515625,56207.19921875,57201.69921875,0
2024-11-11,55853.75,56349.30078125,55751.25,56221.80078125,0
2024-11-12,55257.5,56358.75,55131.1015625,56067.69921875,0
2024-11-13,53800.8515625,55172.44921875,53635.8515625,55065.44921875,0
2024-11-14,54043.1015625,54471.3984375,53870.75,53875.5,0
2024-11-18,54044.80078125,54369.5,53680.19921875,54292.0,0
2024-11-19,54548.25,55082.5,54265.8984375,54269.6015625,0
2024-11-21,54385.3515625,54638.1015625,53929.80078125,54555.6015625,0
2024-11-22,55016.8515625,55067.80078125,54354.1015625,54460.75,0
2024-11-25,55900.55078125,56168.5,55844.3984375,55951.3984375,0
2024-11-26,55914.3984375,56354.44921875,55861.3984375,56092.19921875,0
2024-11-27,56272.3515625,56303.69921875,55672.05078125,56084.05078125,0
2024-11-28,56300.75,56768.94921875,56169.6484375,56414.1015625,0
2024-11-29,56392.6484375,56532.05078125,56116.8515625,56339.55078125,0
2024-12-02,57000.8515625,57060.6484375,56227.1484375,56400.6484375,0
2024-12-03,57509.0,57543.0,57242.44921875,57370.1484375,0
2024-12-04,58112.3984375,58158.80078125,57621.80078125,57734.69921875,0
2024-12-05,58441.55078125,58516.6015625,58023.5,58448.25,0
2024-12-06,58704.6015625,58768.75,58307.55078125,58571.69921875,0
2024-12-09,58998.75,59083.6484375,58649.94921875,58675.05078125,7800
2024-12-10,59135.3984375,59173.55078125,58834.3515625,59062.6015625,8500
2024-12-11,59292.94921875,59347.1015625,59102.6484375,59135.8984375,0
2024-12-12,59021.69921875,59417.19921875,58958.1484375,59335.25,0
2024-12-13,58991.55078125,59024.3984375,58012.1015625,58877.5,9900
2024-12-16,59443.05078125,59483.19921875,59122.80078125,59144.55078125,0
2024-12-17,59101.8984375,59654.94921875,59023.05078125,59458.19921875,0
2024-12-18,58723.25,59119.0,58447.19921875,59094.19921875,0
2024-12-19,58556.25,58607.30078125,57649.30078125,57724.80078125,0
2024-12-20,56906.75,58800.8515625,56813.44921875,58739.44921875,0
2024-12-23,57092.8984375,57438.75,56680.1015625,57198.8515625,0
2024-12-24,57057.8984375,57322.3515625,56755.80078125,57161.1484375,0
2024-12-26,57125.69921875,57265.19921875,56654.1015625,57150.8515625,0
2024-12-27,56979.80078125,57348.94921875,56950.5,57266.6484375,0
2024-12-30,57189.75,57321.44921875,56592.1015625,56958.3515625,0
2024-12-31,57199.44921875,57382.75,56475.94921875,56921.6484375,0
2025-01-02,58108.19921875,58170.8984375,57411.0,57581.6015625,0
2025-01-03,57931.05078125,58393.80078125,57858.25,58211.3515625,0
2025-01-06,56366.94921875,58117.1015625,56187.80078125,58096.3984375,0
2025-01-07,56869.30078125,57116.6015625,56500.0,56512.3984375,0
2025-01-08,56270.6015625,57007.05078125,55667.30078125,56994.5,0
2025-01-09,55745.8984375,56455.8515625,55669.05078125,56332.25,0
2025-01-10,54585.75,55736.5,54526.25,55658.1484375,0
2025-01-13,52390.3984375,54083.3515625,52248.5,53909.6484375,0
2025-01-14,53676.5,53829.5,52635.6484375,52638.0,0
2025-01-15,53899.0,54295.80078125,53453.8984375,53931.8984375,0
2025-01-16,54483.80078125,54819.94921875,54410.30078125,54460.19921875,0
2025-01-17,54607.6484375,54792.25,54188.8515625,54515.69921875,0
2025-01-20,55106.19921875,55243.3515625,54345.19921875,54933.69921875,0
2025-01-21,53834.94921875,55256.8515625,53779.6484375,55205.6015625,0
2025-01-22,53113.5,53983.05078125,52353.44921875,53936.94921875,0
2025-01-23,54098.8515625,54254.3984375,53103.3515625,53219.6484375,0
2025-01-24,53262.94921875,54303.25,53082.8515625,54098.8984375,0
2025-01-27,51795.8984375,52765.05078125,51629.6484375,52757.1015625,0
2025-01-28,51529.44921875,52092.19921875,50875.05078125,51919.3515625,0
2025-01-29,52718.8515625,52758.6015625,51616.94921875,51626.1484375,0
2025-01-30,52714.25,53196.05078125,52544.19921875,52973.55078125,0
2025-01-31,53712.19921875,53815.6484375,52689.3984375,52841.6484375,0
2025-02-03,52988.80078125,53214.6015625,52495.30078125,53099.3984375,0
2025-02-04,53813.80078125,53894.25,53274.75,53372.5,0
2025-02-05,54180.8515625,54535.75,54040.1484375,54058.1015625,0
2025-02-06,53500.8515625,54454.25,53370.69921875,54417.30078125,0
2025-02-07,53609.1484375,53909.3984375,53032.6484375,53557.55078125,0
2025-02-10,52471.05078125,53675.1015625,52305.0,53620.05078125,0
2025-02-11,50887.94921875,52557.30078125,50551.94921875,52503.8515625,0
2025-02-12,50756.3984375,51048.8515625,49357.6484375,50779.30078125,0
2025-02-13,50881.19921875,51556.19921875,50669.1484375,50856.3984375,0
2025-02-14,49654.1484375,51159.25,49139.8515625,51074.30078125,0
2025-02-17,49849.8515625,49922.19921875,48503.44921875,49281.25,0
2025-02-18,49751.44921875,49982.1015625,49120.80078125,49906.55078125,0
2025-02-19,50527.25,50609.25,49214.55078125,49485.80078125,0
2025-02-20,51163.80078125,51214.5,50195.8984375,50405.1484375,0
2025-02-21,50486.19921875,51555.55078125,50308.69921875,51099.75,0
2025-02-24,50013.1015625,50159.30078125,49561.25,50012.8984375,0
2025-02-25,49702.1484375,50292.55078125,49590.25,49967.30078125,0
2025-02-27,49136.75,49858.1015625,48961.8515625,49757.05078125,0
2025-02-28,47915.19921875,48755.69921875,47485.30078125,48732.05078125,0
2025-03-03,47984.1484375,48104.3515625,46865.69921875,47962.19921875,0
2025-03-04,48007.8515625,48271.80078125,47056.8984375,47437.75,0
2025-03-05,49168.3515625,49203.94921875,47874.6484375,47874.6484375,0
2025-03-06,49348.1015625,49812.1484375,49252.6015625,49645.6484375,0
2025-03-07,49190.6015625,49644.94921875,49082.6484375,49340.0,0
2025-03-10,48440.1015625,49541.19921875,48281.3984375,49248.3984375,0
2025-03-11,48762.75,48872.3984375,47831.94921875,47999.6015625,0
2025-03-12,48486.6015625,49085.8515625,47910.55078125,48934.8515625,0
2025-03-13,48125.1015625,48743.94921875,48036.8984375,48683.75,0
2025-03-17,48461.80078125,48692.8515625,48139.5,48196.8984375,0
2025-03-18,49516.8984375,49580.05078125,48624.1484375,48737.6484375,0
2025-03-19,50817.1015625,50899.6484375,49662.44921875,49739.3515625,0
2025-03-20,51144.3984375,51242.94921875,50605.8515625,51151.0,0
2025-03-21,51850.75,51905.94921875,51011.5,51160.6484375,0
2025-03-24,52524.05078125,52762.80078125,52047.75,52237.5,0
2025-03-25,51969.75,52926.8515625,51714.94921875,52882.6015625,0
2025-03-26,51646.1484375,52416.1015625,51581.0,52035.6484375,0
2025-03-27,51839.3984375,51954.55078125,51286.8515625,51423.3984375,0
2025-03-28,51672.25,52473.19921875,51447.3984375,52083.1484375,0
2025-04-01,51229.6015625,52039.1015625,51097.05078125,51554.1484375,0
2025-04-02,52053.19921875,52082.1015625,50893.44921875,51358.75,0
2025-04-03,52162.1484375,52210.75,51562.6484375,51587.25,0
2025-04-04,50645.94921875,52059.8984375,50349.80078125,52044.19921875,0
2025-04-07,48809.44921875,49073.44921875,46966.6015625,46966.6015625,0
2025-04-08,49838.0,50237.5,49194.0,49888.1484375,0
2025-04-09,49582.05078125,49744.69921875,48905.75,49719.3984375,0
2025-04-11,50501.5,50641.8984375,50088.6015625,50516.0,0
2025-04-15,51974.44921875,52054.80078125,51100.80078125,51391.8984375,0
2025-04-16,52345.55078125,52371.75,51946.6484375,52090.05078125,0
2025-04-17,52657.80078125,52736.3515625,52061.80078125,52286.3515625,0
2025-04-21,53974.44921875,54025.0,52840.0,52935.05078125,0
2025-04-22,54397.1484375,54635.05078125,53843.8515625,54177.6484375,0
2025-04-23,55041.1015625,55076.25,54069.3984375,54777.30078125,0
2025-04-24,54969.8515625,55223.3515625,54912.8984375,55094.05078125,0
2025-04-25,53570.19921875,55213.8984375,53116.1484375,55080.80078125,0
2025-04-28,54440.25,54475.75,53481.19921875,53485.30078125,0
2025-04-29,54587.94921875,55022.6015625,54461.0,54613.69921875,0
2025-04-30,54124.8984375,54801.3984375,53887.6015625,54642.6015625,0
2025-05-02,53705.1015625,54593.3515625,53563.8984375,54004.94921875,0
2025-05-05,54675.75,54717.94921875,53951.94921875,53957.6015625,0
2025-05-06,53435.8515625,54895.05078125,53343.05078125,54806.3515625,0
2025-05-07,54287.75,54329.25,52747.19921875,52755.3984375,0
2025-05-08,53229.30078125,54646.6484375,52937.0,54486.6015625,0
2025-05-09,53223.3515625,53336.94921875,52093.8984375,52097.30078125,0
2025-05-12,55416.05078125,55442.1015625,54587.6484375,54750.6015625,0
2025-05-13,55520.69921875,55796.5,55265.19921875,55495.8984375,0
2025-05-14,56136.3984375,56197.1484375,55524.0,55718.19921875,0
2025-05-15,56530.8515625,56578.80078125,56053.6484375,56327.6015625,0
2025-05-16,57060.5,57170.1484375,56549.19921875,56760.25,0
2025-05-19,57105.44921875,57451.8984375,56816.75,57245.3984375,0
2025-05-20,56182.6484375,57445.1484375,56095.05078125,57416.19921875,0
2025-05-21,56619.6015625,56727.5,56001.8515625,56249.6015625,0
2025-05-22,56324.8515625,56546.80078125,55972.69921875,56506.6484375,0
